{
    "levelId": "level_008",
    "levelName": "Level_8",
    "levelIndex": 7,
    "backgroundUrl": "Game/backgrounds/BG_8.png",
    "backgroundSize": {
        "x": 1680.0,
        "y": 720.0
    },
    "useSpriteAtlas": true,
    "atlasUrl": "Game/items/items_8.png",
    "atlasCellSize": 128,
    "items": [
        {
            "itemId": "InteractableItem_1",
            "itemName": "InteractableItem_1",
            "spriteUrl": "",
            "position": {
                "x": -12.050999641418457,
                "y": -2.7209999561309816
            },
            "scale": 0.4491157829761505,
            "rotation": 352.3128356933594,
            "spriteColor": {
                "r": 0.650943398475647,
                "g": 0.618703305721283,
                "b": 0.5496172904968262,
                "a": 1.0
            },
            "atlasX": 0,
            "atlasY": 3,
            "isInteractable": true,
            "interactionType": "click",
            "hasAnimation": false,
            "animationType": "none",
            "animationDuration": 0.5
        },
        {
            "itemId": "InteractableItem_2",
            "itemName": "InteractableItem_2",
            "spriteUrl": "",
            "position": {
                "x": -13.210000038146973,
                "y": 1.059000015258789
            },
            "scale": 0.38144272565841677,
            "rotation": 3.5550503730773927,
            "spriteColor": {
                "r": 0.6132075786590576,
                "g": 0.5958526730537415,
                "b": 0.5466803312301636,
                "a": 1.0
            },
            "atlasX": 1,
            "atlasY": 3,
            "isInteractable": true,
            "interactionType": "click",
            "hasAnimation": false,
            "animationType": "none",
            "animationDuration": 0.5
        },
        {
            "itemId": "InteractableItem_3",
            "itemName": "InteractableItem_3",
            "spriteUrl": "",
            "position": {
                "x": -10.968999862670899,
                "y": -2.125
            },
            "scale": 0.5186479687690735,
            "rotation": 358.9717712402344,
            "spriteColor": {
                "r": 0.7075471878051758,
                "g": 0.6508099436759949,
                "b": 0.6508099436759949,
                "a": 1.0
            },
            "atlasX": 2,
            "atlasY": 3,
            "isInteractable": true,
            "interactionType": "click",
            "hasAnimation": false,
            "animationType": "none",
            "animationDuration": 0.5
        },
        {
            "itemId": "InteractableItem_4",
            "itemName": "InteractableItem_4",
            "spriteUrl": "",
            "position": {
                "x": -3.4200000762939455,
                "y": -3.9000000953674318
            },
            "scale": 0.7178701758384705,
            "rotation": 0.0,
            "spriteColor": {
                "r": 0.5943396091461182,
                "g": 0.5494837760925293,
                "b": 0.5242524147033691,
                "a": 1.0
            },
            "atlasX": 3,
            "atlasY": 3,
            "isInteractable": true,
            "interactionType": "click",
            "hasAnimation": false,
            "animationType": "none",
            "animationDuration": 0.5
        },
        {
            "itemId": "InteractableItem_5",
            "itemName": "InteractableItem_5",
            "spriteUrl": "",
            "position": {
                "x": 0.24899999797344209,
                "y": -4.205999851226807
            },
            "scale": 0.4174799919128418,
            "rotation": 351.80975341796877,
            "spriteColor": {
                "r": 0.650943398475647,
                "g": 0.6267516613006592,
                "b": 0.6110270619392395,
                "a": 1.0
            },
            "atlasX": 0,
            "atlasY": 2,
            "isInteractable": true,
            "interactionType": "click",
            "hasAnimation": false,
            "animationType": "none",
            "animationDuration": 0.5
        },
        {
            "itemId": "InteractableItem_6",
            "itemName": "InteractableItem_6",
            "spriteUrl": "",
            "position": {
                "x": -11.343000411987305,
                "y": -3.4509999752044679
            },
            "scale": 0.7115852236747742,
            "rotation": 3.5166261196136476,
            "spriteColor": {
                "r": 0.8301886916160584,
                "g": 0.7557849884033203,
                "b": 0.7557849884033203,
                "a": 1.0
            },
            "atlasX": 1,
            "atlasY": 2,
            "isInteractable": true,
            "interactionType": "click",
            "hasAnimation": false,
            "animationType": "none",
            "animationDuration": 0.5
        },
        {
            "itemId": "InteractableItem_7",
            "itemName": "InteractableItem_7",
            "spriteUrl": "",
            "position": {
                "x": 1.5119999647140504,
                "y": 0.17900000512599946
            },
            "scale": 0.40779998898506167,
            "rotation": 323.1698913574219,
            "spriteColor": {
                "r": 0.7264150977134705,
                "g": 0.6882815957069397,
                "b": 0.6476058959960938,
                "a": 1.0
            },
            "atlasX": 2,
            "atlasY": 2,
            "isInteractable": true,
            "interactionType": "click",
            "hasAnimation": false,
            "animationType": "none",
            "animationDuration": 0.5
        },
        {
            "itemId": "InteractableItem_8",
            "itemName": "InteractableItem_8",
            "spriteUrl": "",
            "position": {
                "x": -2.5899999141693117,
                "y": -2.9000000953674318
            },
            "scale": 0.5964417457580566,
            "rotation": 20.04473304748535,
            "spriteColor": {
                "r": 0.849056601524353,
                "g": 0.845051646232605,
                "b": 0.845051646232605,
                "a": 1.0
            },
            "atlasX": 3,
            "atlasY": 2,
            "isInteractable": true,
            "interactionType": "click",
            "hasAnimation": false,
            "animationType": "none",
            "animationDuration": 0.5
        },
        {
            "itemId": "InteractableItem_9",
            "itemName": "InteractableItem_9",
            "spriteUrl": "",
            "position": {
                "x": -14.258000373840332,
                "y": -2.5769999027252199
            },
            "scale": 0.7542760372161865,
            "rotation": 0.0,
            "spriteColor": {
                "r": 0.5660377740859985,
                "g": 0.4941907823085785,
                "b": 0.46724817156791689,
                "a": 1.0
            },
            "atlasX": 0,
            "atlasY": 1,
            "isInteractable": true,
            "interactionType": "click",
            "hasAnimation": false,
            "animationType": "none",
            "animationDuration": 0.5
        },
        {
            "itemId": "InteractableItem_10",
            "itemName": "InteractableItem_10",
            "spriteUrl": "",
            "position": {
                "x": 1.3070001602172852,
                "y": 1.1430000066757203
            },
            "scale": -0.8100000023841858,
            "rotation": 2.279254913330078,
            "spriteColor": {
                "r": 0.6792452931404114,
                "g": 0.6401108503341675,
                "b": 0.6183695197105408,
                "a": 1.0
            },
            "atlasX": 1,
            "atlasY": 1,
            "isInteractable": true,
            "interactionType": "click",
            "hasAnimation": false,
            "animationType": "none",