{
    "levelId": "level_007",
    "levelName": "Level_7",
    "levelIndex": 6,
    "backgroundUrl": "Game/backgrounds/BG_7.png",
    "backgroundSize": {
        "x": 1680.0,
        "y": 720.0
    },
    "useSpriteAtlas": true,
    "atlasUrl": "Game/items/items_7.png",
    "atlasCellSize": 128,
    "items": [
        {
            "itemId": "InteractableItem_1",
            "itemName": "InteractableItem_1",
            "spriteUrl": "",
            "position": {
                "x": -9.642000198364258,
                "y": -3.427999973297119
            },
            "scale": 0.41630062460899355,
            "rotation": 344.5152893066406,
            "spriteColor": {
                "r": 0.8113207817077637,
                "g": 0.7695799469947815,
                "b": 0.669722318649292,
                "a": 1.0
            },
            "atlasX": 0,
            "atlasY": 3,
            "isInteractable": true,
            "interactionType": "click",
            "hasAnimation": false,
            "animationType": "none",
            "animationDuration": 0.5
        },
        {
            "itemId": "InteractableItem_2",
            "itemName": "InteractableItem_2",
            "spriteUrl": "",
            "position": {
                "x": 0.45100000500679018,
                "y": -2.0190000534057619
            },
            "scale": 0.6728571653366089,
            "rotation": 4.435676574707031,
            "spriteColor": {
                "r": 0.6132075786590576,
                "g": 0.5852704048156738,
                "b": 0.5177554488182068,
                "a": 1.0
            },
            "atlasX": 1,
            "atlasY": 3,
            "isInteractable": true,
            "interactionType": "click",
            "hasAnimation": false,
            "animationType": "none",
            "animationDuration": 0.5
        },
        {
            "itemId": "InteractableItem_3",
            "itemName": "InteractableItem_3",
            "spriteUrl": "",
            "position": {
                "x": -7.0229997634887699,
                "y": -0.11699999868869782
            },
            "scale": 0.5186479687690735,
            "rotation": 17.721569061279298,
            "spriteColor": {
                "r": 0.8301886916160584,
                "g": 0.8301886916160584,
                "b": 0.8301886916160584,
                "a": 1.0
            },
            "atlasX": 2,
            "atlasY": 3,
            "isInteractable": true,
            "interactionType": "click",
            "hasAnimation": false,
            "animationType": "none",
            "animationDuration": 0.5
        },
        {
            "itemId": "InteractableItem_4",
            "itemName": "InteractableItem_4",
            "spriteUrl": "",
            "position": {
                "x": -6.170000076293945,
                "y": -3.0799999237060549
            },
            "scale": 0.6906399726867676,
            "rotation": 0.0,
            "spriteColor": {
                "r": 0.801886796951294,
                "g": 0.7590186595916748,
                "b": 0.7375845313072205,
                "a": 1.0
            },
            "atlasX": 3,
            "atlasY": 3,
            "isInteractable": true,
            "interactionType": "click",
            "hasAnimation": false,
            "animationType": "none",
            "animationDuration": 0.5
        },
        {
            "itemId": "InteractableItem_5",
            "itemName": "InteractableItem_5",
            "spriteUrl": "",
            "position": {
                "x": -1.9600000381469727,
                "y": -0.3569999933242798
            },
            "scale": 0.5750412940979004,
            "rotation": 355.3981628417969,
            "spriteColor": {
                "r": 0.5849056243896484,
                "g": 0.521142303943634,
                "b": 0.4773050546646118,
                "a": 1.0
            },
            "atlasX": 0,
            "atlasY": 2,
            "isInteractable": true,
            "interactionType": "click",
            "hasAnimation": false,
            "animationType": "none",
            "animationDuration": 0.5
        },
        {
            "itemId": "InteractableItem_6",
            "itemName": "InteractableItem_6",
            "spriteUrl": "",
            "position": {
                "x": -12.145999908447266,
                "y": -2.114000082015991
            },
            "scale": 0.605847954750061,
            "rotation": 3.5166261196136476,
            "spriteColor": {
                "r": 0.7452830076217651,
                "g": 0.7206746339797974,
                "b": 0.7206746339797974,
                "a": 1.0
            },
            "atlasX": 1,
            "atlasY": 2,
            "isInteractable": true,
            "interactionType": "click",
            "hasAnimation": false,
            "animationType": "none",
            "animationDuration": 0.5
        },
        {
            "itemId": "InteractableItem_7",
            "itemName": "InteractableItem_7",
            "spriteUrl": "",
            "position": {
                "x": 0.6549999713897705,
                "y": -0.7770000100135803
            },
            "scale": 0.40779998898506167,
            "rotation": 302.73272705078127,
            "spriteColor": {
                "r": 0.5943396091461182,
                "g": 0.4890378415584564,
                "b": 0.3784709870815277,
                "a": 1.0
            },
            "atlasX": 2,
            "atlasY": 2,
            "isInteractable": true,
            "interactionType": "click",
            "hasAnimation": false,
            "animationType": "none",
            "animationDuration": 0.5
        },
        {
            "itemId": "InteractableItem_8",
            "itemName": "InteractableItem_8",
            "spriteUrl": "",
            "position": {
                "x": -6.682000160217285,
                "y": 1.215000033378601
            },
            "scale": 0.5964417457580566,
            "rotation": 269.75579833984377,
            "spriteColor": {
                "r": 0.6226415038108826,
                "g": 0.5829254388809204,
                "b": 0.5198469161987305,
                "a": 1.0
            },
            "atlasX": 3,
            "atlasY": 2,
            "isInteractable": true,
            "interactionType": "click",
            "hasAnimation": false,
            "animationType": "none",
            "animationDuration": 0.5
        },
        {
            "itemId": "InteractableItem_9",
            "itemName": "InteractableItem_9",
            "spriteUrl": "",
            "position": {
                "x": -12.282999992370606,
                "y": -0.7879999876022339
            },
            "scale": 0.31769639253616335,
            "rotation": 0.0,
            "spriteColor": {
                "r": 0.7358490228652954,
                "g": 0.6738671064376831,
                "b": 0.649074375629425,
                "a": 1.0
            },
            "atlasX": 0,
            "atlasY": 1,
            "isInteractable": true,
            "interactionType": "click",
            "hasAnimation": false,
            "animationType": "none",
            "animationDuration": 0.5
        },
        {
            "itemId": "InteractableItem_10",
            "itemName": "InteractableItem_10",
            "spriteUrl": "",
            "position": {
                "x": -2.0799999237060549,
                "y": -3.990000009536743
            },
            "scale": 0.5561944246292114,
            "rotation": 5.623027324676514,
            "spriteColor": {
                "r": 0.8207547068595886,
                "g": 0.750257670879364,
                "b": 0.7084816694259644,
                "a": 1.0
            },
            "atlasX": 1,
            "atlasY": 1,
            "isInteractable": true,
            "interactionType": "click",
            "hasAnimation": false,
            "animationType": "none",