{
    "levelId": "level_006",
    "levelName": "Level_6",
    "levelIndex": 5,
    "backgroundUrl": "Game/backgrounds/BG_6.png",
    "backgroundSize": {
        "x": 1680.0,
        "y": 720.0
    },
    "useSpriteAtlas": true,
    "atlasUrl": "Game/items/items_6.png",
    "atlasCellSize": 128,
    "items": [
        {
            "itemId": "InteractableItem_1",
            "itemName": "InteractableItem_1",
            "spriteUrl": "",
            "position": {
                "x": -13.170000076293946,
                "y": -3.6700000762939455
            },
            "scale": 0.6027751564979553,
            "rotation": 359.861083984375,
            "spriteColor": {
                "r": 0.8396226167678833,
                "g": 0.760623037815094,
                "b": 0.6693217754364014,
                "a": 1.0
            },
            "atlasX": 0,
            "atlasY": 3,
            "isInteractable": true,
            "interactionType": "click",
            "hasAnimation": false,
            "animationType": "none",
            "animationDuration": 0.5
        },
        {
            "itemId": "InteractableItem_2",
            "itemName": "InteractableItem_2",
            "spriteUrl": "",
            "position": {
                "x": -10.710000038146973,
                "y": 1.1799999475479127
            },
            "scale": 0.6728571653366089,
            "rotation": 358.1769714355469,
            "spriteColor": {
                "r": 0.6132075786590576,
                "g": 0.5852704048156738,
                "b": 0.5177554488182068,
                "a": 1.0
            },
            "atlasX": 1,
            "atlasY": 3,
            "isInteractable": true,
            "interactionType": "click",
            "hasAnimation": false,
            "animationType": "none",
            "animationDuration": 0.5
        },
        {
            "itemId": "InteractableItem_3",
            "itemName": "InteractableItem_3",
            "spriteUrl": "",
            "position": {
                "x": -5.373000144958496,
                "y": -2.177999973297119
            },
            "scale": 0.5186479687690735,
            "rotation": 0.0,
            "spriteColor": {
                "r": 0.8301886916160584,
                "g": 0.8301886916160584,
                "b": 0.8301886916160584,
                "a": 1.0
            },
            "atlasX": 2,
            "atlasY": 3,
            "isInteractable": true,
            "interactionType": "click",
            "hasAnimation": false,
            "animationType": "none",
            "animationDuration": 0.5
        },
        {
            "itemId": "InteractableItem_4",
            "itemName": "InteractableItem_4",
            "spriteUrl": "",
            "position": {
                "x": -7.255000114440918,
                "y": -4.03000020980835
            },
            "scale": 0.6906399726867676,
            "rotation": 0.0,
            "spriteColor": {
                "r": 0.46226418018341067,
                "g": 0.4172007143497467,
                "b": 0.39466893672943118,
                "a": 1.0
            },
            "atlasX": 3,
            "atlasY": 3,
            "isInteractable": true,
            "interactionType": "click",
            "hasAnimation": false,
            "animationType": "none",
            "animationDuration": 0.5
        },
        {
            "itemId": "InteractableItem_5",
            "itemName": "InteractableItem_5",
            "spriteUrl": "",
            "position": {
                "x": 1.0399999618530274,
                "y": -2.8399999141693117
            },
            "scale": 0.4304523766040802,
            "rotation": 355.3981628417969,
            "spriteColor": {
                "r": 0.5660377740859985,
                "g": 0.5549478530883789,
                "b": 0.4939480423927307,
                "a": 1.0
            },
            "atlasX": 0,
            "atlasY": 2,
            "isInteractable": true,
            "interactionType": "click",
            "hasAnimation": false,
            "animationType": "none",
            "animationDuration": 0.5
        },
        {
            "itemId": "InteractableItem_6",
            "itemName": "InteractableItem_6",
            "spriteUrl": "",
            "position": {
                "x": -11.420000076293946,
                "y": 1.3600000143051148
            },
            "scale": 0.49619001150131228,
            "rotation": 349.0321350097656,
            "spriteColor": {
                "r": 0.7452830076217651,
                "g": 0.7206746339797974,
                "b": 0.7206746339797974,
                "a": 1.0
            },
            "atlasX": 1,
            "atlasY": 2,
            "isInteractable": true,
            "interactionType": "click",
            "hasAnimation": false,
            "animationType": "none",
            "animationDuration": 0.5
        },
        {
            "itemId": "InteractableItem_7",
            "itemName": "InteractableItem_7",
            "spriteUrl": "",
            "position": {
                "x": 0.08900000154972077,
                "y": -2.503000020980835
            },
            "scale": 0.40779998898506167,
            "rotation": 350.2730407714844,
            "spriteColor": {
                "r": 0.5754716992378235,
                "g": 0.4845363199710846,
                "b": 0.3936009109020233,
                "a": 1.0
            },
            "atlasX": 2,
            "atlasY": 2,
            "isInteractable": true,
            "interactionType": "click",
            "hasAnimation": false,
            "animationType": "none",
            "animationDuration": 0.5
        },
        {
            "itemId": "InteractableItem_8",
            "itemName": "InteractableItem_8",
            "spriteUrl": "",
            "position": {
                "x": -7.7789998054504398,
                "y": 0.550000011920929
            },
            "scale": 0.5964417457580566,
            "rotation": 283.15655517578127,
            "spriteColor": {
                "r": 0.6226415038108826,
                "g": 0.5829254388809204,
                "b": 0.5198469161987305,
                "a": 1.0
            },
            "atlasX": 3,
            "atlasY": 2,
            "isInteractable": true,
            "interactionType": "click",
            "hasAnimation": false,
            "animationType": "none",
            "animationDuration": 0.5
        },
        {
            "itemId": "InteractableItem_9",
            "itemName": "InteractableItem_9",
            "spriteUrl": "",
            "position": {
                "x": -5.420000076293945,
                "y": -2.619999885559082
            },
            "scale": 0.5275158286094666,
            "rotation": 351.4408264160156,
            "spriteColor": {
                "r": 0.7452830076217651,
                "g": 0.609732985496521,
                "b": 0.5519312620162964,
                "a": 1.0
            },
            "atlasX": 0,
            "atlasY": 1,
            "isInteractable": true,
            "interactionType": "click",
            "hasAnimation": false,
            "animationType": "none",
            "animationDuration": 0.5
        },
        {
            "itemId": "InteractableItem_10",
            "itemName": "InteractableItem_10",
            "spriteUrl": "",
            "position": {
                "x": -12.989999771118164,
                "y": -2.4800000190734865
            },
            "scale": 0.9372852444648743,
            "rotation": 1.0622406005859376,
            "spriteColor": {
                "r": 0.5,
                "g": 0.3967059254646301,
                "b": 0.3325471878051758,
                "a": 1.0
            },
            "atlasX": 1,
            "atlasY": 1,
            "isInteractable": true,
            "interactionType": "click",
            "hasAnimation": false,
            "animationType": "none",