{
    "levelId": "level_003",
    "levelName": "Level_3",
    "levelIndex": 2,
    "backgroundUrl": "Game/backgrounds/BG_3.png",
    "backgroundSize": {
        "x": 1680.0,
        "y": 720.0
    },
    "useSpriteAtlas": true,
    "atlasUrl": "Game/items/items_3_0.png",
    "atlasCellSize": 128,
    "items": [
        {
            "itemId": "InteractableItem_1",
            "itemName": "InteractableItem_1",
            "spriteUrl": "",
            "position": {
                "x": -11.890999794006348,
                "y": -2.188999891281128
            },
            "scale": 0.5918356776237488,
            "rotation": 350.0557556152344,
            "spriteColor": {
                "r": 0.8867924213409424,
                "g": 0.7788911461830139,
                "b": 0.6567283272743225,
                "a": 1.0
            },
            "atlasX": 0,
            "atlasY": 3,
            "isInteractable": true,
            "interactionType": "click",
            "hasAnimation": false,
            "animationType": "none",
            "animationDuration": 0.5
        },
        {
            "itemId": "InteractableItem_2",
            "itemName": "InteractableItem_2",
            "spriteUrl": "",
            "position": {
                "x": 0.414000004529953,
                "y": -2.5789999961853029
            },
            "scale": 0.5918356776237488,
            "rotation": 184.85890197753907,
            "spriteColor": {
                "r": 0.7169811725616455,
                "g": 0.7123194932937622,
                "b": 0.7068352103233337,
                "a": 1.0
            },
            "atlasX": 1,
            "atlasY": 3,
            "isInteractable": true,
            "interactionType": "click",
            "hasAnimation": false,
            "animationType": "none",
            "animationDuration": 0.5
        },
        {
            "itemId": "InteractableItem_3",
            "itemName": "InteractableItem_3",
            "spriteUrl": "",
            "position": {
                "x": -4.2210001945495609,
                "y": -1.7940000295639039
            },
            "scale": 0.5918356776237488,
            "rotation": 0.0,
            "spriteColor": {
                "r": 0.8867924213409424,
                "g": 0.7822178602218628,
                "b": 0.7822178602218628,
                "a": 1.0
            },
            "atlasX": 2,
            "atlasY": 3,
            "isInteractable": true,
            "interactionType": "click",
            "hasAnimation": false,
            "animationType": "none",
            "animationDuration": 0.5
        },
        {
            "itemId": "InteractableItem_4",
            "itemName": "InteractableItem_4",
            "spriteUrl": "",
            "position": {
                "x": -11.041999816894532,
                "y": -3.7039999961853029
            },
            "scale": 0.5918356776237488,
            "rotation": 0.0,
            "spriteColor": {
                "r": 0.6886792182922363,
                "g": 0.622822105884552,
                "b": 0.5035154819488525,
                "a": 1.0
            },
            "atlasX": 3,
            "atlasY": 3,
            "isInteractable": true,
            "interactionType": "click",
            "hasAnimation": false,
            "animationType": "none",
            "animationDuration": 0.5
        },
        {
            "itemId": "InteractableItem_5",
            "itemName": "InteractableItem_5",
            "spriteUrl": "",
            "position": {
                "x": -3.5769999027252199,
                "y": -3.6480000019073488
            },
            "scale": 0.5918356776237488,
            "rotation": 40.91722869873047,
            "spriteColor": {
                "r": 0.7358490228652954,
                "g": 0.6666028499603272,
                "b": 0.5380028486251831,
                "a": 1.0
            },
            "atlasX": 0,
            "atlasY": 2,
            "isInteractable": true,
            "interactionType": "click",
            "hasAnimation": false,
            "animationType": "none",
            "animationDuration": 0.5
        },
        {
            "itemId": "InteractableItem_6",
            "itemName": "InteractableItem_6",
            "spriteUrl": "",
            "position": {
                "x": -7.480000019073486,
                "y": -3.2279999256134035
            },
            "scale": 0.4824050962924957,
            "rotation": 353.4184265136719,
            "spriteColor": {
                "r": 0.5188679099082947,
                "g": 0.48284587264060976,
                "b": 0.41852080821990969,
                "a": 1.0
            },
            "atlasX": 1,
            "atlasY": 2,
            "isInteractable": true,
            "interactionType": "click",
            "hasAnimation": false,
            "animationType": "none",
            "animationDuration": 0.5
        },
        {
            "itemId": "InteractableItem_7",
            "itemName": "InteractableItem_7",
            "spriteUrl": "",
            "position": {
                "x": 0.38100001215934756,
                "y": 1.218999981880188
            },
            "scale": 0.742591142654419,
            "rotation": 331.6455383300781,
            "spriteColor": {
                "r": 1.0,
                "g": 1.0,
                "b": 1.0,
                "a": 1.0
            },
            "atlasX": 2,
            "atlasY": 2,
            "isInteractable": true,
            "interactionType": "click",
            "hasAnimation": false,
            "animationType": "none",
            "animationDuration": 0.5
        },
        {
            "itemId": "InteractableItem_8",
            "itemName": "InteractableItem_8",
            "spriteUrl": "",
            "position": {
                "x": -5.570000171661377,
                "y": -2.5439999103546144
            },
            "scale": 0.5213727355003357,
            "rotation": 358.2682189941406,
            "spriteColor": {
                "r": 0.8301886916160584,
                "g": 0.798021674156189,
                "b": 0.740121066570282,
                "a": 1.0
            },
            "atlasX": 3,
            "atlasY": 2,
            "isInteractable": true,
            "interactionType": "click",
            "hasAnimation": false,
            "animationType": "none",
            "animationDuration": 0.5
        },
        {
            "itemId": "InteractableItem_9",
            "itemName": "InteractableItem_9",
            "spriteUrl": "",
            "position": {
                "x": -1.9299999475479127,
                "y": -2.4700000286102297
            },
            "scale": 0.6642289161682129,
            "rotation": 358.7125549316406,
            "spriteColor": {
                "r": 1.0,
                "g": 0.9269391894340515,
                "b": 0.8066037893295288,
                "a": 1.0
            },
            "atlasX": 0,
            "atlasY": 1,
            "isInteractable": true,
            "interactionType": "click",
            "hasAnimation": false,
            "animationType": "none",
            "animationDuration": 0.5
        },
        {
            "itemId": "InteractableItem_10",
            "itemName": "InteractableItem_10",
            "spriteUrl": "",
            "position": {
                "x": -13.96399974822998,
                "y": -1.7259999513626099
            },
            "scale": 0.6027526259422302,
            "rotation": 191.147216796875,
            "spriteColor": {
                "r": 1.0,
                "g": 1.0,
                "b": 1.0,
                "a": 1.0
            },
            "atlasX": 1,
            "atlasY": 1,
            "isInteractable": true,
            "interactionType": "click",
            "hasAnimation": false,
            "animationType": "none",
            "animationDuration": 0.5
        },
        {
            "itemId": "InteractableItem_11",