{
    "levelId": "level_009",
    "levelName": "Level_9",
    "levelIndex": 8,
    "backgroundUrl": "Game/backgrounds/BG_9.png",
    "backgroundSize": {
        "x": 1680.0,
        "y": 720.0
    },
    "useSpriteAtlas": true,
    "atlasUrl": "Game/items/items_9.png",
    "atlasCellSize": 128,
    "items": [
        {
            "itemId": "InteractableItem_1",
            "itemName": "InteractableItem_1",
            "spriteUrl": "",
            "position": {
                "x": -10.708000183105469,
                "y": -2.9670000076293947
            },
            "scale": 0.4491157829761505,
            "rotation": 0.9384416341781616,
            "spriteColor": {
                "r": 0.6886792182922363,
                "g": 0.6816824674606323,
                "b": 0.6659398078918457,
                "a": 1.0
            },
            "atlasX": 0,
            "atlasY": 3,
            "isInteractable": true,
            "interactionType": "click",
            "hasAnimation": false,
            "animationType": "none",
            "animationDuration": 0.5
        },
        {
            "itemId": "InteractableItem_2",
            "itemName": "InteractableItem_2",
            "spriteUrl": "",
            "position": {
                "x": -7.323999881744385,
                "y": -2.078000068664551
            },
            "scale": 0.38144272565841677,
            "rotation": 3.5550503730773927,
            "spriteColor": {
                "r": 0.9056603908538818,
                "g": 0.9056603908538818,
                "b": 0.9056603908538818,
                "a": 1.0
            },
            "atlasX": 1,
            "atlasY": 3,
            "isInteractable": true,
            "interactionType": "click",
            "hasAnimation": false,
            "animationType": "none",
            "animationDuration": 0.5
        },
        {
            "itemId": "InteractableItem_3",
            "itemName": "InteractableItem_3",
            "spriteUrl": "",
            "position": {
                "x": 0.3140000104904175,
                "y": -2.1419999599456789
            },
            "scale": 0.5186479687690735,
            "rotation": 320.1866455078125,
            "spriteColor": {
                "r": 0.7547169923782349,
                "g": 0.7547169923782349,
                "b": 0.7547169923782349,
                "a": 1.0
            },
            "atlasX": 2,
            "atlasY": 3,
            "isInteractable": true,
            "interactionType": "click",
            "hasAnimation": false,
            "animationType": "none",
            "animationDuration": 0.5
        },
        {
            "itemId": "InteractableItem_4",
            "itemName": "InteractableItem_4",
            "spriteUrl": "",
            "position": {
                "x": -1.1130000352859498,
                "y": 0.9049999713897705
            },
            "scale": 0.7178701758384705,
            "rotation": 0.0,
            "spriteColor": {
                "r": 0.698113203048706,
                "g": 0.6684763431549072,
                "b": 0.6684763431549072,
                "a": 1.0
            },
            "atlasX": 3,
            "atlasY": 3,
            "isInteractable": true,
            "interactionType": "click",
            "hasAnimation": false,
            "animationType": "none",
            "animationDuration": 0.5
        },
        {
            "itemId": "InteractableItem_5",
            "itemName": "InteractableItem_5",
            "spriteUrl": "",
            "position": {
                "x": -4.073999881744385,
                "y": 0.8550001382827759
            },
            "scale": 0.6729599833488464,
            "rotation": 0.8803287148475647,
            "spriteColor": {
                "r": 0.5188679099082947,
                "g": 0.4939035177230835,
                "b": 0.4772605895996094,
                "a": 1.0
            },
            "atlasX": 0,
            "atlasY": 2,
            "isInteractable": true,
            "interactionType": "click",
            "hasAnimation": false,
            "animationType": "none",
            "animationDuration": 0.5
        },
        {
            "itemId": "InteractableItem_6",
            "itemName": "InteractableItem_6",
            "spriteUrl": "",
            "position": {
                "x": -13.744000434875489,
                "y": -3.427999973297119
            },
            "scale": -0.4914492070674896,
            "rotation": 3.5166261196136476,
            "spriteColor": {
                "r": 0.6037735939025879,
                "g": 0.6037735939025879,
                "b": 0.6037735939025879,
                "a": 1.0
            },
            "atlasX": 1,
            "atlasY": 2,
            "isInteractable": true,
            "interactionType": "click",
            "hasAnimation": false,
            "animationType": "none",
            "animationDuration": 0.5
        },
        {
            "itemId": "InteractableItem_7",
            "itemName": "InteractableItem_7",
            "spriteUrl": "",
            "position": {
                "x": -0.07999999821186066,
                "y": -2.490000009536743
            },
            "scale": 0.3104785084724426,
            "rotation": 3.6397082805633547,
            "spriteColor": {
                "r": 0.5849056243896484,
                "g": 0.5849056243896484,
                "b": 0.5849056243896484,
                "a": 1.0
            },
            "atlasX": 2,
            "atlasY": 2,
            "isInteractable": true,
            "interactionType": "click",
            "hasAnimation": false,
            "animationType": "none",
            "animationDuration": 0.5
        },
        {
            "itemId": "InteractableItem_8",
            "itemName": "InteractableItem_8",
            "spriteUrl": "",
            "position": {
                "x": -1.3350000381469727,
                "y": -2.4149999618530275
            },
            "scale": 0.34866195917129519,
            "rotation": 359.9238586425781,
            "spriteColor": {
                "r": 0.7075471878051758,
                "g": 0.6708348393440247,
                "b": 0.6708348393440247,
                "a": 1.0
            },
            "atlasX": 3,
            "atlasY": 2,
            "isInteractable": true,
            "interactionType": "click",
            "hasAnimation": false,
            "animationType": "none",
            "animationDuration": 0.5
        },
        {
            "itemId": "InteractableItem_9",
            "itemName": "InteractableItem_9",
            "spriteUrl": "",
            "position": {
                "x": -3.890000104904175,
                "y": -3.3299999237060549
            },
            "scale": 0.414263516664505,
            "rotation": 0.0,
            "spriteColor": {
                "r": 0.5566037893295288,
                "g": 0.5282484889030457,
                "b": 0.5172214508056641,
                "a": 1.0
            },
            "atlasX": 0,
            "atlasY": 1,
            "isInteractable": true,
            "interactionType": "click",
            "hasAnimation": false,
            "animationType": "none",
            "animationDuration": 0.5
        },
        {
            "itemId": "InteractableItem_10",
            "itemName": "InteractableItem_10",
            "spriteUrl": "",
            "position": {
                "x": -8.739999771118164,
                "y": 0.1899999976158142
            },
            "scale": -0.4233870208263397,
            "rotation": 2.279254913330078,
            "spriteColor": {
                "r": 0.5566037893295288,
                "g": 0.5233476161956787,
                "b": 0.5067194700241089,
                "a": 1.0
            },
            "atlasX": 1,
            "atlasY": 1,
            "isInteractable": true,
            "interactionType": "click",
            "hasAnimation": false,
            "animationType": "none",