{
    "levelId": "level_001",
    "levelName": "Level_1",
    "levelIndex": 0,
    "backgroundUrl": "assets/backgrounds/BG_1.png",
    "backgroundSize": {
        "x": 1680.0,
        "y": 720.0
    },
    "useSpriteAtlas": true,
    "atlasUrl": "levels/atlas.png",
    "atlasCellSize": 128,
    "items": [
        {
            "itemId": "InteractableItem_1",
            "itemName": "InteractableItem_1",
            "spriteUrl": "",
            "position": {
                "x": -9.10200023651123,
                "y": -1.6169999837875367
            },
            "scale": 0.5918356776237488,
            "rotation": 2.1668436527252199,
            "spriteColor": {
                "r": 0.8867924213409424,
                "g": 0.7788911461830139,
                "b": 0.6567283272743225,
                "a": 1.0
            },
            "atlasX": 0,
            "atlasY": 3,
            "isInteractable": true,
            "interactionType": "click",
            "hasAnimation": false,
            "animationType": "none",
            "animationDuration": 0.5
        },
        {
            "itemId": "InteractableItem_2",
            "itemName": "InteractableItem_2",
            "spriteUrl": "",
            "position": {
                "x": -11.593000411987305,
                "y": -1.8179999589920045
            },
            "scale": 0.5033230781555176,
            "rotation": 2.1668436527252199,
            "spriteColor": {
                "r": 0.9372549057006836,
                "g": 0.938288152217865,
                "b": 0.8674350380897522,
                "a": 1.0
            },
            "atlasX": 1,
            "atlasY": 3,
            "isInteractable": true,
            "interactionType": "click",
            "hasAnimation": false,
            "animationType": "none",
            "animationDuration": 0.5
        },
        {
            "itemId": "InteractableItem_3",
            "itemName": "InteractableItem_3",
            "spriteUrl": "",
            "position": {
                "x": -11.0600004196167,
                "y": 0.8399999737739563
            },
            "scale": 0.7431600093841553,
            "rotation": 17.381738662719728,
            "spriteColor": {
                "r": 0.849056601524353,
                "g": 0.8050017952919006,
                "b": 0.8050017952919006,
                "a": 1.0
            },
            "atlasX": 2,
            "atlasY": 3,
            "isInteractable": true,
            "interactionType": "click",
            "hasAnimation": false,
            "animationType": "none",
            "animationDuration": 0.5
        },
        {
            "itemId": "InteractableItem_4",
            "itemName": "InteractableItem_4",
            "spriteUrl": "",
            "position": {
                "x": 0.3199999928474426,
                "y": 0.8299999833106995
            },
            "scale": 0.6000000238418579,
            "rotation": 337.7650451660156,
            "spriteColor": {
                "r": 0.6603773832321167,
                "g": 0.6603773832321167,
                "b": 0.6603773832321167,
                "a": 1.0
            },
            "atlasX": 3,
            "atlasY": 3,
            "isInteractable": true,
            "interactionType": "click",
            "hasAnimation": false,
            "animationType": "none",
            "animationDuration": 0.5
        },
        {
            "itemId": "InteractableItem_5",
            "itemName": "InteractableItem_5",
            "spriteUrl": "",
            "position": {
                "x": -10.760000228881836,
                "y": -4.377999782562256
            },
            "scale": 0.47015121579170229,
            "rotation": 9.41501235961914,
            "spriteColor": {
                "r": 0.9245283007621765,
                "g": 0.8863697052001953,
                "b": 0.7108401656150818,
                "a": 1.0
            },
            "atlasX": 0,
            "atlasY": 2,
            "isInteractable": true,
            "interactionType": "click",
            "hasAnimation": false,
            "animationType": "none",
            "animationDuration": 0.5
        },
        {
            "itemId": "InteractableItem_6",
            "itemName": "InteractableItem_6",
            "spriteUrl": "",
            "position": {
                "x": -5.079999923706055,
                "y": -3.9739999771118166
            },
            "scale": 0.4733109474182129,
            "rotation": 316.0533447265625,
            "spriteColor": {
                "r": 0.8301886916160584,
                "g": 0.8301886916160584,
                "b": 0.8301886916160584,
                "a": 1.0
            },
            "atlasX": 1,
            "atlasY": 2,
            "isInteractable": true,
            "interactionType": "click",
            "hasAnimation": false,
            "animationType": "none",
            "animationDuration": 0.5
        },
        {
            "itemId": "InteractableItem_7",
            "itemName": "InteractableItem_7",
            "spriteUrl": "",
            "position": {
                "x": -5.53000020980835,
                "y": -2.5399999618530275
            },
            "scale": 0.7502748966217041,
            "rotation": 1.3369638919830323,
            "spriteColor": {
                "r": 0.9716981053352356,
                "g": 0.9130824208259583,
                "b": 0.8112762570381165,
                "a": 1.0
            },
            "atlasX": 2,
            "atlasY": 2,
            "isInteractable": true,
            "interactionType": "click",
            "hasAnimation": false,
            "animationType": "none",
            "animationDuration": 0.5
        },
        {
            "itemId": "InteractableItem_8",
            "itemName": "InteractableItem_8",
            "spriteUrl": "",
            "position": {
                "x": 1.2899999618530274,
                "y": -2.5299999713897707
            },
            "scale": 0.7977273464202881,
            "rotation": 84.93580627441406,
            "spriteColor": {
                "r": 0.9811320900917053,
                "g": 0.916642427444458,
                "b": 0.8006408214569092,
                "a": 1.0
            },
            "atlasX": 3,
            "atlasY": 0,
            "isInteractable": true,
            "interactionType": "click",
            "hasAnimation": false,
            "animationType": "none",
            "animationDuration": 0.5
        },
        {
            "itemId": "InteractableItem_9",
            "itemName": "InteractableItem_9",
            "spriteUrl": "",
            "position": {
                "x": -1.8769999742507935,
                "y": -1.8949999809265137
            },
            "scale": 0.2468939870595932,
            "rotation": 359.52825927734377,
            "spriteColor": {
                "r": 0.9622641801834106,
                "g": 0.8916512727737427,
                "b": 0.7216981649398804,
                "a": 1.0
            },
            "atlasX": 3,
            "atlasY": 2,
            "isInteractable": true,
            "interactionType": "click",
            "hasAnimation": false,
            "animationType": "none",
            "animationDuration": 0.5
        },
        {
            "itemId": "InteractableItem_10",
            "itemName": "InteractableItem_10",
            "spriteUrl": "",
            "position": {
                "x": -7.460000038146973,
                "y": -3.7699999809265138
            },
            "scale": 0.9097948670387268,
            "rotation": 166.08277893066407,
            "spriteColor": {
                "r": 0.7358490228652954,
                "g": 0.7358490228652954,
                "b": 0.7358490228652954,
                "a": 1.0
            },
            "atlasX": 0,
            "atlasY": 1,
            "isInteractable": true,
            "interactionType": "click",
            "hasAnimation": false,
            "animationType": "none",